[{"序号": "1", "创建时间": "2022-12-21 12:00:23", "通道名称": "阿里", "签名名称": "黑马头条", "模板名称": "限时体验课", "应用": "黑马头条", "耗时（秒）": "1", "状态": "失败"}, {"序号": "2", "创建时间": "2022-12-21 12:00:23", "通道名称": "阿里", "签名名称": "黑马头条", "模板名称": "限时体验课", "应用": "黑马头条", "耗时（秒）": "45", "状态": "失败"}, {"序号": "3", "创建时间": "2022-12-21 12:00:23", "通道名称": "阿里", "签名名称": "黑马头条", "模板名称": "限时体验课", "应用": "黑马头条", "耗时（秒）": "28", "状态": "失败"}, {"序号": "4", "创建时间": "2022-12-21 12:00:09", "通道名称": "阿里", "签名名称": "黑马头条", "模板名称": "数字验证码", "应用": "黑马头条", "耗时（秒）": "28", "状态": "成功"}, {"序号": "5", "创建时间": "2022-12-21 12:00:08", "通道名称": "阿里", "签名名称": "黑马头条", "模板名称": "数字验证码", "应用": "黑马头条", "耗时（秒）": "47", "状态": "成功"}, {"序号": "6", "创建时间": "2022-12-21 12:00:08", "通道名称": "阿里", "签名名称": "黑马头条", "模板名称": "数字验证码", "应用": "黑马头条", "耗时（秒）": "9", "状态": "成功"}, {"序号": "7", "创建时间": "2022-12-21 12:00:08", "通道名称": "阿里", "签名名称": "黑马头条", "模板名称": "数字验证码", "应用": "黑马头条", "耗时（秒）": "1", "状态": "成功"}, {"序号": "8", "创建时间": "2022-12-21 12:00:08", "通道名称": "阿里", "签名名称": "黑马头条", "模板名称": "数字验证码", "应用": "黑马头条", "耗时（秒）": "8", "状态": "成功"}, {"序号": "9", "创建时间": "2022-12-21 12:00:08", "通道名称": "阿里", "签名名称": "黑马头条", "模板名称": "数字验证码", "应用": "黑马头条", "耗时（秒）": "21", "状态": "成功"}, {"序号": "10", "创建时间": "2022-12-21 12:00:08", "通道名称": "阿里", "签名名称": "黑马头条", "模板名称": "数字验证码", "应用": "黑马头条", "耗时（秒）": "31", "状态": "成功"}, {"序号": "11", "创建时间": "2022-12-21 12:00:07", "通道名称": "阿里", "签名名称": "黑马头条", "模板名称": "数字验证码", "应用": "黑马头条", "耗时（秒）": "15", "状态": "成功"}, {"序号": "12", "创建时间": "2022-12-21 12:00:07", "通道名称": "阿里", "签名名称": "黑马头条", "模板名称": "数字验证码", "应用": "黑马头条", "耗时（秒）": "33", "状态": "成功"}, {"序号": "13", "创建时间": "2022-12-21 00:00:21", "通道名称": "京东", "签名名称": "黑马头条", "模板名称": "推荐好友赢现金", "应用": "黑马头条", "耗时（秒）": "38", "状态": "成功"}, {"序号": "14", "创建时间": "2022-12-21 00:00:21", "通道名称": "京东", "签名名称": "黑马头条", "模板名称": "推荐好友赢现金", "应用": "黑马头条", "耗时（秒）": "10", "状态": "成功"}, {"序号": "15", "创建时间": "2022-12-21 00:00:21", "通道名称": "京东", "签名名称": "黑马头条", "模板名称": "推荐好友赢现金", "应用": "黑马头条", "耗时（秒）": "49", "状态": "成功"}]
[{"序号": "16", "创建时间": "2022-12-21 12:00:23", "通道名称": "阿里", "签名名称": "黑马头条", "模板名称": "限时体验课", "应用": "黑马头条", "耗时（秒）": "1", "状态": "失败"}, {"序号": "17", "创建时间": "2022-12-21 00:00:20", "通道名称": "京东", "签名名称": "黑马头条", "模板名称": "推荐好友赢现金", "应用": "黑马头条", "耗时（秒）": "12", "状态": "成功"}, {"序号": "18", "创建时间": "2022-12-21 00:00:20", "通道名称": "京东", "签名名称": "黑马头条", "模板名称": "推荐好友赢现金", "应用": "黑马头条", "耗时（秒）": "42", "状态": "成功"}, {"序号": "19", "创建时间": "2022-12-21 00:00:20", "通道名称": "京东", "签名名称": "黑马头条", "模板名称": "推荐好友赢现金", "应用": "黑马头条", "耗时（秒）": "3", "状态": "成功"}, {"序号": "20", "创建时间": "2022-12-21 00:00:20", "通道名称": "京东", "签名名称": "黑马头条", "模板名称": "推荐好友赢现金", "应用": "黑马头条", "耗时（秒）": "14", "状态": "成功"}, {"序号": "21", "创建时间": "2022-12-21 00:00:20", "通道名称": "京东", "签名名称": "黑马头条", "模板名称": "推荐好友赢现金", "应用": "黑马头条", "耗时（秒）": "29", "状态": "成功"}, {"序号": "22", "创建时间": "2022-12-19 03:00:16", "通道名称": "京东", "签名名称": "黑马头条", "模板名称": "注册用户名通知", "应用": "黑马头条", "耗时（秒）": "48", "状态": "成功"}, {"序号": "23", "创建时间": "2022-12-19 03:00:16", "通道名称": "京东", "签名名称": "黑马头条", "模板名称": "注册用户名通知", "应用": "黑马头条", "耗时（秒）": "5", "状态": "成功"}, {"序号": "24", "创建时间": "2022-12-19 03:00:16", "通道名称": "京东", "签名名称": "黑马头条", "模板名称": "注册用户名通知", "应用": "黑马头条", "耗时（秒）": "33", "状态": "成功"}, {"序号": "25", "创建时间": "2022-12-19 03:00:16", "通道名称": "京东", "签名名称": "黑马头条", "模板名称": "注册用户名通知", "应用": "黑马头条", "耗时（秒）": "12", "状态": "成功"}, {"序号": "26", "创建时间": "2022-12-19 03:00:16", "通道名称": "京东", "签名名称": "黑马头条", "模板名称": "注册用户名通知", "应用": "黑马头条", "耗时（秒）": "46", "状态": "成功"}, {"序号": "27", "创建时间": "2022-12-19 03:00:16", "通道名称": "京东", "签名名称": "黑马头条", "模板名称": "注册用户名通知", "应用": "黑马头条", "耗时（秒）": "14", "状态": "成功"}, {"序号": "28", "创建时间": "2022-12-19 03:00:16", "通道名称": "京东", "签名名称": "黑马头条", "模板名称": "注册用户名通知", "应用": "黑马头条", "耗时（秒）": "1", "状态": "成功"}, {"序号": "29", "创建时间": "2022-12-19 03:00:16", "通道名称": "京东", "签名名称": "黑马头条", "模板名称": "注册用户名通知", "应用": "黑马头条", "耗时（秒）": "5", "状态": "成功"}, {"序号": "30", "创建时间": "2022-12-19 03:00:15", "通道名称": "京东", "签名名称": "黑马头条", "模板名称": "注册用户名通知", "应用": "黑马头条", "耗时（秒）": "47", "状态": "成功"}]
[{"序号": "31", "创建时间": "2022-12-21 00:00:21", "通道名称": "京东", "签名名称": "黑马头条", "模板名称": "推荐好友赢现金", "应用": "黑马头条", "耗时（秒）": "0", "状态": "成功"}, {"序号": "32", "创建时间": "2022-12-15 12:00:19", "通道名称": "京东", "签名名称": "黑马头条", "模板名称": "密码通知", "应用": "黑马头条", "耗时（秒）": "12", "状态": "成功"}, {"序号": "33", "创建时间": "2022-12-15 12:00:19", "通道名称": "京东", "签名名称": "黑马头条", "模板名称": "密码通知", "应用": "黑马头条", "耗时（秒）": "3", "状态": "成功"}, {"序号": "34", "创建时间": "2022-12-15 12:00:19", "通道名称": "京东", "签名名称": "黑马头条", "模板名称": "密码通知", "应用": "黑马头条", "耗时（秒）": "19", "状态": "成功"}, {"序号": "35", "创建时间": "2022-12-15 12:00:19", "通道名称": "京东", "签名名称": "黑马头条", "模板名称": "密码通知", "应用": "黑马头条", "耗时（秒）": "47", "状态": "成功"}, {"序号": "36", "创建时间": "2022-12-15 12:00:19", "通道名称": "京东", "签名名称": "黑马头条", "模板名称": "密码通知", "应用": "黑马头条", "耗时（秒）": "22", "状态": "成功"}, {"序号": "37", "创建时间": "2022-12-15 12:00:19", "通道名称": "京东", "签名名称": "黑马头条", "模板名称": "密码通知", "应用": "黑马头条", "耗时（秒）": "14", "状态": "成功"}, {"序号": "38", "创建时间": "2022-12-15 12:00:18", "通道名称": "京东", "签名名称": "黑马头条", "模板名称": "密码通知", "应用": "黑马头条", "耗时（秒）": "13", "状态": "成功"}, {"序号": "39", "创建时间": "2022-12-15 12:00:18", "通道名称": "京东", "签名名称": "黑马头条", "模板名称": "密码通知", "应用": "黑马头条", "耗时（秒）": "43", "状态": "成功"}, {"序号": "40", "创建时间": "2022-12-15 00:00:24", "通道名称": "梦网", "签名名称": "黑马头条", "模板名称": "线上就业指导", "应用": "黑马头条", "耗时（秒）": "16", "状态": "成功"}, {"序号": "41", "创建时间": "2022-12-15 00:00:24", "通道名称": "梦网", "签名名称": "黑马头条", "模板名称": "线上就业指导", "应用": "黑马头条", "耗时（秒）": "0", "状态": "成功"}, {"序号": "42", "创建时间": "2022-12-15 00:00:23", "通道名称": "梦网", "签名名称": "黑马头条", "模板名称": "线上就业指导", "应用": "黑马头条", "耗时（秒）": "16", "状态": "成功"}, {"序号": "43", "创建时间": "2022-12-15 00:00:23", "通道名称": "梦网", "签名名称": "黑马头条", "模板名称": "线上就业指导", "应用": "黑马头条", "耗时（秒）": "8", "状态": "成功"}, {"序号": "44", "创建时间": "2022-12-15 00:00:23", "通道名称": "梦网", "签名名称": "黑马头条", "模板名称": "线上就业指导", "应用": "黑马头条", "耗时（秒）": "6", "状态": "成功"}, {"序号": "45", "创建时间": "2022-12-15 00:00:23", "通道名称": "梦网", "签名名称": "黑马头条", "模板名称": "线上就业指导", "应用": "黑马头条", "耗时（秒）": "0", "状态": "成功"}]
[{"序号": "46", "创建时间": "2022-12-15 12:00:19", "通道名称": "京东", "签名名称": "黑马头条", "模板名称": "密码通知", "应用": "黑马头条", "耗时（秒）": "16", "状态": "成功"}, {"序号": "47", "创建时间": "2022-12-15 00:00:23", "通道名称": "梦网", "签名名称": "黑马头条", "模板名称": "线上就业指导", "应用": "黑马头条", "耗时（秒）": "23", "状态": "成功"}, {"序号": "48", "创建时间": "2022-12-15 00:00:22", "通道名称": "梦网", "签名名称": "黑马头条", "模板名称": "线上就业指导", "应用": "黑马头条", "耗时（秒）": "42", "状态": "成功"}, {"序号": "49", "创建时间": "2022-12-14 21:00:11", "通道名称": "京东", "签名名称": "黑马头条", "模板名称": "集信达验证码", "应用": "黑马头条", "耗时（秒）": "20", "状态": "成功"}, {"序号": "50", "创建时间": "2022-12-14 21:00:11", "通道名称": "京东", "签名名称": "黑马头条", "模板名称": "集信达验证码", "应用": "黑马头条", "耗时（秒）": "7", "状态": "成功"}, {"序号": "51", "创建时间": "2022-12-14 21:00:11", "通道名称": "京东", "签名名称": "黑马头条", "模板名称": "集信达验证码", "应用": "黑马头条", "耗时（秒）": "47", "状态": "成功"}, {"序号": "52", "创建时间": "2022-12-14 21:00:11", "通道名称": "京东", "签名名称": "黑马头条", "模板名称": "集信达验证码", "应用": "黑马头条", "耗时（秒）": "49", "状态": "成功"}, {"序号": "53", "创建时间": "2022-12-14 21:00:10", "通道名称": "京东", "签名名称": "黑马头条", "模板名称": "集信达验证码", "应用": "黑马头条", "耗时（秒）": "49", "状态": "成功"}, {"序号": "54", "创建时间": "2022-12-14 21:00:10", "通道名称": "京东", "签名名称": "黑马头条", "模板名称": "集信达验证码", "应用": "黑马头条", "耗时（秒）": "42", "状态": "成功"}, {"序号": "55", "创建时间": "2022-12-14 21:00:10", "通道名称": "京东", "签名名称": "黑马头条", "模板名称": "集信达验证码", "应用": "黑马头条", "耗时（秒）": "33", "状态": "成功"}, {"序号": "56", "创建时间": "2022-12-14 21:00:10", "通道名称": "京东", "签名名称": "黑马头条", "模板名称": "集信达验证码", "应用": "黑马头条", "耗时（秒）": "41", "状态": "成功"}, {"序号": "57", "创建时间": "2022-12-14 21:00:10", "通道名称": "京东", "签名名称": "黑马头条", "模板名称": "集信达验证码", "应用": "黑马头条", "耗时（秒）": "5", "状态": "成功"}, {"序号": "58", "创建时间": "2022-12-12 09:00:19", "通道名称": "京东", "签名名称": "黑马头条", "模板名称": "集信达验证码", "应用": "黑马头条", "耗时（秒）": "24", "状态": "成功"}, {"序号": "59", "创建时间": "2022-12-12 09:00:19", "通道名称": "京东", "签名名称": "黑马头条", "模板名称": "集信达验证码", "应用": "黑马头条", "耗时（秒）": "34", "状态": "成功"}, {"序号": "60", "创建时间": "2022-12-12 09:00:19", "通道名称": "京东", "签名名称": "黑马头条", "模板名称": "集信达验证码", "应用": "黑马头条", "耗时（秒）": "1", "状态": "成功"}]
[{"序号": "61", "创建时间": "2022-12-15 00:00:23", "通道名称": "梦网", "签名名称": "黑马头条", "模板名称": "线上就业指导", "应用": "黑马头条", "耗时（秒）": "2", "状态": "成功"}, {"序号": "62", "创建时间": "2022-12-15 00:00:23", "通道名称": "梦网", "签名名称": "黑马头条", "模板名称": "线上就业指导", "应用": "黑马头条", "耗时（秒）": "23", "状态": "成功"}, {"序号": "63", "创建时间": "2022-12-15 00:00:22", "通道名称": "梦网", "签名名称": "黑马头条", "模板名称": "线上就业指导", "应用": "黑马头条", "耗时（秒）": "42", "状态": "成功"}, {"序号": "64", "创建时间": "2022-12-14 21:00:11", "通道名称": "京东", "签名名称": "黑马头条", "模板名称": "集信达验证码", "应用": "黑马头条", "耗时（秒）": "20", "状态": "成功"}, {"序号": "65", "创建时间": "2022-12-12 09:00:19", "通道名称": "京东", "签名名称": "黑马头条", "模板名称": "集信达验证码", "应用": "黑马头条", "耗时（秒）": "22", "状态": "成功"}, {"序号": "66", "创建时间": "2022-12-12 09:00:18", "通道名称": "京东", "签名名称": "黑马头条", "模板名称": "集信达验证码", "应用": "黑马头条", "耗时（秒）": "33", "状态": "成功"}, {"序号": "67", "创建时间": "2022-12-09 12:00:22", "通道名称": "阿里", "签名名称": "黑马头条", "模板名称": "密码通知", "应用": "黑马头条", "耗时（秒）": "40", "状态": "成功"}, {"序号": "68", "创建时间": "2022-12-09 12:00:22", "通道名称": "阿里", "签名名称": "黑马头条", "模板名称": "密码通知", "应用": "黑马头条", "耗时（秒）": "13", "状态": "成功"}, {"序号": "69", "创建时间": "2022-12-09 12:00:22", "通道名称": "阿里", "签名名称": "黑马头条", "模板名称": "密码通知", "应用": "黑马头条", "耗时（秒）": "30", "状态": "成功"}, {"序号": "70", "创建时间": "2022-12-09 12:00:22", "通道名称": "阿里", "签名名称": "黑马头条", "模板名称": "密码通知", "应用": "黑马头条", "耗时（秒）": "29", "状态": "成功"}, {"序号": "71", "创建时间": "2022-12-09 12:00:21", "通道名称": "阿里", "签名名称": "黑马头条", "模板名称": "密码通知", "应用": "黑马头条", "耗时（秒）": "47", "状态": "成功"}, {"序号": "72", "创建时间": "2022-12-09 12:00:21", "通道名称": "阿里", "签名名称": "黑马头条", "模板名称": "密码通知", "应用": "黑马头条", "耗时（秒）": "19", "状态": "成功"}, {"序号": "73", "创建时间": "2022-12-09 06:00:05", "通道名称": "阿里", "签名名称": "黑马头条", "模板名称": "集信达验证码", "应用": "黑马头条", "耗时（秒）": "42", "状态": "成功"}, {"序号": "74", "创建时间": "2022-12-09 06:00:05", "通道名称": "阿里", "签名名称": "黑马头条", "模板名称": "集信达验证码", "应用": "黑马头条", "耗时（秒）": "36", "状态": "成功"}, {"序号": "75", "创建时间": "2022-12-09 06:00:04", "通道名称": "阿里", "签名名称": "黑马头条", "模板名称": "集信达验证码", "应用": "黑马头条", "耗时（秒）": "3", "状态": "成功"}]
[{"序号": "76", "创建时间": "2022-12-12 09:00:19", "通道名称": "京东", "签名名称": "黑马头条", "模板名称": "集信达验证码", "应用": "黑马头条", "耗时（秒）": "19", "状态": "成功"}, {"序号": "77", "创建时间": "2022-12-12 09:00:19", "通道名称": "京东", "签名名称": "黑马头条", "模板名称": "集信达验证码", "应用": "黑马头条", "耗时（秒）": "35", "状态": "成功"}, {"序号": "78", "创建时间": "2022-12-09 06:00:04", "通道名称": "阿里", "签名名称": "黑马头条", "模板名称": "集信达验证码", "应用": "黑马头条", "耗时（秒）": "47", "状态": "成功"}, {"序号": "79", "创建时间": "2022-12-09 06:00:04", "通道名称": "阿里", "签名名称": "黑马头条", "模板名称": "集信达验证码", "应用": "黑马头条", "耗时（秒）": "39", "状态": "成功"}, {"序号": "80", "创建时间": "2022-12-09 06:00:04", "通道名称": "阿里", "签名名称": "黑马头条", "模板名称": "集信达验证码", "应用": "黑马头条", "耗时（秒）": "31", "状态": "成功"}, {"序号": "81", "创建时间": "2022-12-09 06:00:04", "通道名称": "阿里", "签名名称": "黑马头条", "模板名称": "集信达验证码", "应用": "黑马头条", "耗时（秒）": "31", "状态": "成功"}, {"序号": "82", "创建时间": "2022-12-07 12:00:17", "通道名称": "阿里", "签名名称": "黑马头条", "模板名称": "推荐好友赢现金", "应用": "黑马头条", "耗时（秒）": "29", "状态": "成功"}, {"序号": "83", "创建时间": "2022-12-07 12:00:17", "通道名称": "阿里", "签名名称": "黑马头条", "模板名称": "推荐好友赢现金", "应用": "黑马头条", "耗时（秒）": "19", "状态": "成功"}, {"序号": "84", "创建时间": "2022-12-07 12:00:17", "通道名称": "阿里", "签名名称": "黑马头条", "模板名称": "推荐好友赢现金", "应用": "黑马头条", "耗时（秒）": "7", "状态": "成功"}, {"序号": "85", "创建时间": "2022-12-07 12:00:17", "通道名称": "阿里", "签名名称": "黑马头条", "模板名称": "推荐好友赢现金", "应用": "黑马头条", "耗时（秒）": "29", "状态": "成功"}, {"序号": "86", "创建时间": "2022-12-07 12:00:17", "通道名称": "阿里", "签名名称": "黑马头条", "模板名称": "推荐好友赢现金", "应用": "黑马头条", "耗时（秒）": "18", "状态": "成功"}, {"序号": "87", "创建时间": "2022-12-07 12:00:17", "通道名称": "阿里", "签名名称": "黑马头条", "模板名称": "推荐好友赢现金", "应用": "黑马头条", "耗时（秒）": "39", "状态": "成功"}, {"序号": "88", "创建时间": "2022-12-07 12:00:17", "通道名称": "阿里", "签名名称": "黑马头条", "模板名称": "推荐好友赢现金", "应用": "黑马头条", "耗时（秒）": "49", "状态": "成功"}, {"序号": "89", "创建时间": "2022-12-07 12:00:16", "通道名称": "阿里", "签名名称": "黑马头条", "模板名称": "推荐好友赢现金", "应用": "黑马头条", "耗时（秒）": "43", "状态": "成功"}, {"序号": "90", "创建时间": "2022-12-07 12:00:16", "通道名称": "阿里", "签名名称": "黑马头条", "模板名称": "推荐好友赢现金", "应用": "黑马头条", "耗时（秒）": "25", "状态": "成功"}]
