[
  {
    "主题": "测试",
    "创建时间": "2022-12-02 18:39:32",
    "短信内容": "助力新学期，推荐好友赢现金，100%中奖！test_thing等你拿，快来test_link",
    "申请人": "赵丽"
  },
  {
    "主题": "kk",
    "创建时间": "2022-11-22 22:40:52",
    "短信内容": "您的密码为123456。为了您的安全，您可以登录后修改密码",
    "申请人": "赵丽"
  },
  {
    "主题": "网信普惠",
    "创建时间": "2022-11-14 20:50:18",
    "短信内容": null,
    "申请人": "赵丽"
  },
  {
    "主题": "网信普惠",
    "创建时间": "2022-11-14 20:48:23",
    "短信内容": null,
    "申请人": "赵丽"
  },
  {
    "主题": "66",
    "创建时间": "2022-11-04 11:38:39",
    "短信内容": "助力新学期，推荐好友赢现金，100%中奖！sda等你拿，快来asd",
    "申请人": "赵丽"
  },
  {
    "主题": "轻微",
    "创建时间": "2022-10-29 16:34:37",
    "短信内容": "您在集信达网站注册的验证码为XXXX，请保存好不要随意给其他人，有效期为30分钟",
    "申请人": "赵丽"
  },
  {
    "主题": "扼杀于",
    "创建时间": "2022-10-25 15:21:08",
    "短信内容": "助力新学期，推荐好友赢现金，100%中奖！二分等你拿，快来的地方规定",
    "申请人": "赵丽"
  },
  {
    "主题": "测试",
    "创建时间": "2022-10-20 14:28:35",
    "短信内容": "助力新学期，推荐好友赢现金，100%中奖！冉冉等你拿，快来http://www.baidu.com",
    "申请人": "赵丽"
  },
  {
    "主题": "as",
    "创建时间": "2022-09-26 19:52:25",
    "短信内容": "您的用户名为as，请妥善保管",
    "申请人": "赵丽"
  },
  {
    "主题": "555",
    "创建时间": "2022-09-26 19:50:13",
    "短信内容": "助力新学期，推荐好友赢现金，100%中奖！5等你拿，快来5",
    "申请人": "赵丽"
  },
  {
    "主题": "张三",
    "创建时间": "2022-09-26 14:41:39",
    "短信内容": null,
    "申请人": "赵丽"
  },
  {
    "主题": "1",
    "创建时间": "2022-09-25 17:24:21",
    "短信内容": "您在集信达网站注册的验证码为XXXX，请保存好不要随意给其他人，有效期为30分钟",
    "申请人": "赵丽"
  },
  {
    "主题": "111",
    "创建时间": "2022-08-24 15:35:20",
    "短信内容": "您的密码为522222。为了您的安全，您可以登录后修改密码",
    "申请人": "赵丽"
  },
  {
    "主题": "asd",
    "创建时间": "2022-08-22 16:23:29",
    "短信内容": "您的验证码12132，该验证码5分钟内有效，请勿泄漏于他人！",
    "申请人": "赵丽"
  },
  {
    "主题": "测试",
    "创建时间": "2022-08-19 14:37:24",
    "短信内容": "您的密码为123。为了您的安全，您可以登录后修改密码",
    "申请人": "赵丽"
  }
]