{
  "login_username_error": {
    "username": "3133825137@qq",
    "password": "123456",
    "code": "8888",
    "is_success": false,
    "expect": "账号格式不匹配!"
  },
  "login_username_no": {
    "username": "1771069481@qq.com",
    "password": "123456",
    "code": "8888",
    "is_success": false,
    "expect": "账号不存在!"
  },
  "login_username_empty": {
    "username": "",
    "password": "123456",
    "code": "8888",
    "is_success": false,
    "expect": "账号不能为空!"
  },
  "login_password_empty": {
    "username": "3133825137@qq.com",
    "password": "",
    "code": "8888",
    "is_success": false,
    "expect": "密码不能为空!"
  },
   "login_password_error": {
    "username": "3133825137@qq.com",
    "password": "123",
    "code": "8888",
    "is_success": false,
    "expect": "密码错误!"
  },
    "login_success": {
    "username": "3133825137@qq.com",
    "password": "123456",
    "code": "8888",
    "is_success": true,
    "expect": "3133825137@"
  }
}